{
  "img_entropy_p5": 0.6597831845283508,
  "img_entropy_p95": 5.533994674682617,
  "bin_entropy_p5": 0.19947868585586548,
  "bin_entropy_p95": 0.9987275004386902,
  "edge_entropy_p5": 0.06347642838954926,
  "edge_entropy_p95": 0.45357656478881836,
  "rr_values": [
    0.1,
    0.2,
    0.3
  ],
  "tail_frac": 0.25,
  "rr_thresholds": [
    1.2475800514221191,
    2.192265510559082
  ]
}