{
  "entropy_p5": 0.6597831845283508,
  "entropy_p95": 5.533994674682617,
  "rr_values": [
    0.1,
    0.2,
    0.3
  ],
  "tail_frac": 0.25,
  "rr_thresholds": [
    0.27931690216064453,
    0.732358992099762
  ]
}