{
  "entropy_p5": 0.09070982784032822,
  "entropy_p95": 5.335912704467773,
  "rr_values": [
    0.1,
    0.2,
    0.3
  ],
  "tail_frac": 0.25,
  "rr_thresholds": [
    0.32576239109039307,
    0.6670175194740295
  ]
}