time,num_images
8.044777393341064,67
12.692272901535034,110
12.838369846343994,110
8.795034170150757,76
13.405376195907593,110
13.394168615341187,110
10.779827356338501,90
13.163811922073364,110
9.34119963645935,77
9.503838777542114,79
13.465863466262817,110
14.01256275177002,110
13.68645429611206,110
