ModuleType,Params,Percent
Linear,956239132,99.74365198941766
Conv2d,603136,0.06291207426375163
LayerNorm,318464,0.033218429704629474
LayerScale,122880,0.01281740052911748
